japanese_keyword,search_name_fr,search_name_en,cardmarket_query,ebay_query,pricecharting_query,category
ポケモンカード151,Display Pokemon 151 Japonais,Pokemon 151 Japanese Booster Box,Pokemon 151 Booster Box Japanese,Pokemon 151 Japanese Booster Box,Pokemon 151 Japanese Booster Box,sealed
151 BOX,Display Pokemon 151 Japonais,Pokemon 151 Japanese Booster Box,Pokemon 151 Booster Box Japanese,Pokemon 151 Japanese Booster Box,Pokemon 151 Japanese Booster Box,sealed
テラスタルフェス,Display Terastal Festival Japonais,Terastal Festival Japanese Booster Box,Terastal Festival Booster Box,Terastal Festival Japanese Booster Box,Terastal Festival Japanese Booster Box,sealed
シャイニートレジャー,Display Shiny Treasure ex Japonais,Shiny Treasure ex Japanese Booster Box,Shiny Treasure ex Booster Box,Shiny Treasure ex Japanese Booster Box,Shiny Treasure ex Japanese Booster Box,sealed
クレイバースト,Display Clay Burst Japonais,Clay Burst Japanese Booster Box,Clay Burst Booster Box,Clay Burst Japanese Booster Box,Clay Burst Japanese Booster Box,sealed
スノーハザード,Display Snow Hazard Japonais,Snow Hazard Japanese Booster Box,Snow Hazard Booster Box,Snow Hazard Japanese Booster Box,Snow Hazard Japanese Booster Box,sealed
黒炎の支配者,Display Ruler of the Black Flame Japonais,Ruler of the Black Flame Japanese Booster Box,Ruler of the Black Flame Booster Box,Ruler of the Black Flame Japanese Booster Box,Ruler of the Black Flame Japanese Booster Box,sealed
VSTARユニバース,Display VSTAR Universe Japonais,VSTAR Universe Japanese Booster Box,VSTAR Universe Booster Box,VSTAR Universe Japanese Booster Box,VSTAR Universe Japanese Booster Box,sealed
VMAXクライマックス,Display VMAX Climax Japonais,VMAX Climax Japanese Booster Box,VMAX Climax Booster Box,VMAX Climax Japanese Booster Box,VMAX Climax Japanese Booster Box,sealed
ロストアビス,Display Lost Abyss Japonais,Lost Abyss Japanese Booster Box,Lost Abyss Booster Box,Lost Abyss Japanese Booster Box,Lost Abyss Japanese Booster Box,sealed
白熱のアルカナ,Display Incandescent Arcana Japonais,Incandescent Arcana Japanese Booster Box,Incandescent Arcana Booster Box,Incandescent Arcana Japanese Booster Box,Incandescent Arcana Japanese Booster Box,sealed
イーブイヒーローズ,Display Eevee Heroes Japonais,Eevee Heroes Japanese Booster Box,Eevee Heroes Booster Box,Eevee Heroes Japanese Booster Box,Eevee Heroes Japanese Booster Box,sealed
蒼空ストリーム,Display Blue Sky Stream Japonais,Blue Sky Stream Japanese Booster Box,Blue Sky Stream Booster Box,Blue Sky Stream Japanese Booster Box,Blue Sky Stream Japanese Booster Box,sealed
双璧のファイター,Display Matchless Fighters Japonais,Matchless Fighters Japanese Booster Box,Matchless Fighters Booster Box,Matchless Fighters Japanese Booster Box,Matchless Fighters Japanese Booster Box,sealed
メガブレイブ,Display Mega Brave Japonais,Mega Brave Japanese Booster Box,Mega Brave Booster Box,Mega Brave Japanese Booster Box,Mega Brave Japanese Booster Box,sealed
メガシンフォニア,Display Mega Symphonia Japonais,Mega Symphonia Japanese Booster Box,Mega Symphonia Booster Box,Mega Symphonia Japanese Booster Box,Mega Symphonia Japanese Booster Box,sealed
